id,keyword
1,おまえ
2,お前
3,アホ
4,あほ
5,阿保
6,ボケ
7,ぼけ
8,カス
9,かす
10,ハゲ
11,はげ
12,禿
13,デブ
14,でぶ
15,チビ
16,ちび
17,クソ
18,くそ
19,糞
20,しね
21,死ね
22,タヒね
23,消えろ
24,ブサイク
25,ぶさいく
26,不細工
27,ババア
28,ばばあ
29,婆
30,オバサン
31,おばさん
32,オッサン
33,おっさん
34,ジジイ
35,じじい
36,爺
37,コドモ
38,こども
39,子供
40,ガキ
41,がき
42,妊婦
43,キモイ
44,きもい
45,クビ
46,くび
47,キショイ
48,きしょい
49,あまえ
50,甘え
51,気色が悪い
52,クサイ
53,くさい
54,臭い
55,ノロマ
56,のろま
57,鈍間
58,無能
59,ゆとり
60,コネ
61,Fラン
62,高卒
63,中卒
64,退学
65,中退
66,学歴
67,結果
68,何歳
69,目障り
70,気が済む
71,口答え
72,親
73,頭悪い
74,かわいそう
75,やるき
76,やる気
77,下っ端
78,ふざけるな
79,ふざけんな
80,はずすぞ
81,外すぞ
82,辞め
83,使えない
84,ダメ
85,だめ
86,駄目
87,役立たず
88,まじめに
89,真面目に
90,常識
91,さぼるな
92,働け
93,フリ
94,ふつう
95,普通
96,飛ばす
97,いくらでもいる
98,成績
99,逃げる
100,失敗
101,金
102,給料
103,正社員
104,派遣
105,契約
106,上司
107,部下
108,逆らう
109,頑張って
110,無礼
111,反省
112,言い訳
113,ミートテック
114,会社
115,病気
116,障害
117,転職
118,しろ
119,言葉づかい
120,余計
121,ミス
122,貢献
123,勉強
124,面接
125,切れる
126,キレる
127,見習え
128,女
129,男
130,感謝しろ
131,仕事
132,イライラ
133,いらいら
134,社内
135,評判
136,悪い
137,低
138,遅
139,早
140,成長
141,ガムシャラ
142,がむしゃら
143,泥棒
144,死ぬ
145,くるな
146,何回
147,以下
148,未満
149,社会人
150,他社
151,通用
152,思うな
153,として
154,みんな
155,そんなこと
156,はずかしい
157,恥ずかしい
158,できない
159,出来ない
160,失望
161,責任
162,損失
163,後がない
164,小学校
165,中学校
166,高校
167,大学
168,専門学校
169,高専
170,楽
171,帰る
172,てめぇ
173,殺
174,ころ
175,コロ
176,引きずり
177,倒す
178,一筆
179,払
180,日本
181,何人
182,文化
183,勤まる
184,降り
185,構わない
186,寄生虫
187,あんた
188,存在
189,結婚
190,奴
191,かみさん
192,カミさん
193,お嬢
194,姫
195,イケメン
196,いけめん
197,スカート
198,デート
199,彼氏
200,彼女
201,タイプ
202,離婚
203,赴任
204,不妊
205,リモート
206,脱いだ
207,服
208,出張
209,部屋
210,家
211,泊
212,若
213,わかく
214,わかい
215,美人
216,かわいい
217,可愛い
218,大人
219,美脚
220,顔
221,女子力
222,高い
223,筋肉
224,癒
225,辞表
226,居場所
227,職場
228,殴
229,許さない
230,しばく
231,肩パン
232,できそこない
233,出来損ない
234,能無し
235,脳
236,せいで
237,外人
238,ガイジ
239,害虫
240,汚い
241,片親
242,ダイエット
243,痩
244,太
245,認めない
246,業界
247,残業
248,生理
249,補填
250,罰金
251,納期
252,返せ
253,三流
254,二流
255,一流
256,ごとき
257,謝罪
258,土下座
259,借金
260,だらしない
261,サービス
262,家族
263,嫁さん
264,よめさん
265,レズ
266,ゲイ
267,バイ
268,トランス
269,セクシュアル
270,LGBT
271,中絶
272,前科
273,コロナ
274,水商売
275,宗教
276,
277
278
279
280
281
282
283
284
285
286
287
288
289
290
291
292
293
294
295
296
297
298
299
300
301
302
303
304
305
306
307
308
309
310
311
312
313
314
315
316
317
318
319
320
321
322
323
324
325
326
327
328
329
330
331
332
333
334
335
336
337
338
339
340
341
342
343
344
345
346
347
348
349
350
351
352
353
354
355
356
357
358
359
360
361
362
363
364
365
366
367
368
369
370
371
372
373
374
375
376
377
378
379
380
381
382
383
384
385
386
387
388
389
390
391
392
393
394
395
396
397
398
399
400
401
402
403
404
405
406
407
408
409
410
411
412
413
414
415
416
417
418
419
420
421
422
423
424
425
426
427
428
429
430
431
432
433
434
435
436
437
438
439
440
441
442
443
444
445
446
447
448
449
450
451
452
453
454
455
456
457
458
459
460
461
462
463
464
465
466
467
468
469
470
471
472
473
474
475
476
477
478
479
480
481
482
483
484
485
486
487
488
489
490
491
492
493
494
495
496
497
498
499
500
501
502
503
504
505
506
507
508
509
510
511
512
513
514
515
516
517
518
519
520
521
522
523
524
525
526
527
528
529
530
531
532
533
534
535
536
537
538
539
540
541
542
543
544
545
546
547
548
549
550
551
552
553
554
555
556
557
558
559
560
561
562
563
564
565
566
567
568
569
570
571
572
573
574
575
576
577
578
579
580
581
582
583
584
585
586
587
588
589
590
591
592
593
594
595
596
597
598
599
600
601
602
603
604
605
606
607
608
609
610
611
612
613
614
615
616
617
618
619
620
621
622
623
624
625
626
627
628
629
630
631
632
633
634
635
636
637
638
639
640
641
642
643
644
645
646
647
648
649
650
651
652
653
654
655
656
657
658
659
660
661
662
663
664
665
666
667
668
669
670
671
672
673
674
675
676
677
678
679
680
681
682
683
684
685
686
687
688
689
690
691
692
693
694
695
696
697
698
699
700
701
702
703
704
705
706
707
708
709
710
711
712
713
714
715
716
717
718
719
720
721
722
723
724
725
726
727
728
729
730
731
732
733
734
735
736
737
738
739
740
741
742
743
744
745
746
747
748
749
750
751
752
753
754
755
756
757
758
759
760
761
762
763
764
765
766
767
768
769
770
771
772
773
774
775
776
777
778
779
780
781
782
783
784
785
786
787
788
789
790
791
792
793
794
795
796
797
798
799
800
801
802
803
804
805
806
807
808
809
810
811
812
813
814
815
816
817
818
819
820
821
822
823
824
825
826
827
828
829
830
831
832
833
834
835
836
837
838
839
840
841
842
843
844
845
846
847
848
849
850
851
852
853
854
855
856
857
858
859
860
861
862
863
864
865
866
867
868
869
870
871
872
873
874
875
876
877
878
879
880
881
882
883
884
885
886
887
888
889
890
891
892
893
894
895
896
897
898
899
900
901
902
903
904
905
906
907
908
909
910
911
912
913
914
915
916
917
918
919
920
921
922
923
924
925
926
927
928
929
930
931
932
933
934
935
936
937
938
939
940
941
942
943
944
945
946
947
948
949
950
951
952
953
954
955
956
957
958
959
960
961
962
963
964
965
966
967
968
969
970
971
972
973
974
975
976
977
978
979
980
981
982
983
984
985
986
987
988
989
990
991
992
993
994
995
996
997
998
999
1000